"baseMean","log2FoldChange","lfcSE","stat","pvalue","padj","Gene"
253.79441655737,2.16496719660807,0.200544602575664,10.795439861271,3.61726254397642e-27,6.06868137002924e-23,"ENSGALG00000031164"
40.1075707372165,-2.61972703142669,0.270657246575924,-9.67913131670691,3.69845029673965e-22,3.10244503142006e-18,"ENSGALG00000053914"
317.215053504366,1.91095564812727,0.220487300386457,8.66696469491833,4.43792499654443e-18,2.48183558890086e-14,"ENSGALG00000002722"
2109.8235955378,-1.16611585376369,0.142883168341004,-8.16132415947448,3.31371532672027e-16,1.11188404072772e-12,"ENSGALG00000048687"
22.1580836788413,-2.48792756709561,0.313220460809241,-7.94305570162234,1.9726030685512e-15,5.51572694684725e-12,"ENSGALG00000001035"
129.273152223122,-1.1029398026664,0.148220279064935,-7.44122065903819,9.97591482948029e-14,1.85962136771323e-10,"ENSGALG00000016767"
1912.17201421104,-1.33848460446374,0.185745912738226,-7.20599761648637,5.76204108971283e-13,9.66697633621121e-10,"ENSGALG00000006217"
23.5824444813112,6.36221971318159,0.88536004686556,7.18602531897137,6.67046796713562e-13,1.01736764622395e-09,"ENSGALG00000050921"
1886.25311398316,1.38076336507778,0.195175342050027,7.07447647113057,1.50014015737437e-12,1.86924764071907e-09,"ENSGALG00000048869"
74.7754012629774,-1.99713475469389,0.284549495290509,-7.01858477258913,2.24126757495566e-12,2.35010913156445e-09,"ENSGALG00000054856"
14099.9236363729,1.7634196105351,0.267356034926748,6.59577260344341,4.23046926350537e-11,3.37974203970617e-08,"ENSGALG00000053860"
311.874373838697,-2.42719895142803,0.371563154479267,-6.53239946471458,6.47242436929729e-11,4.93581198380457e-08,"ENSGALG00000005934"
27.7599855853704,2.01515217177753,0.315610690982774,6.38493000824081,1.71475880182586e-10,1.19868785075968e-07,"ENSGALG00000009963"
158.769616732924,2.1979856516812,0.345776286081293,6.35666973172489,2.06174610158515e-10,1.38359657385176e-07,"ENSGALG00000049923"
26.8160865320918,1.61707351882325,0.254965997307888,6.34231048805513,2.26344558553985e-10,1.44350892450529e-07,"ENSGALG00000048625"
81.7353434024035,-1.05876119021891,0.169245057517751,-6.25578794292331,3.95513866420286e-10,2.28811590928729e-07,"ENSGALG00000050294"
30.6328134573339,3.251691338661,0.53069398042576,6.12724368204112,8.94144774142454e-10,4.28601910736799e-07,"ENSGALG00000009904"
11.7387121947571,2.70391215584636,0.442322640774858,6.11298610242891,9.7783889726231e-10,4.55700088315827e-07,"ENSGALG00000016669"
24.9131684865983,1.93131544530248,0.324156483178811,5.95797260126719,2.55386319591318e-09,9.52136951951897e-07,"ENSGALG00000016919"
33.8492699089593,2.41725819358839,0.411948529867125,5.86786459553111,4.41443518582144e-09,1.51144855331686e-06,"ENSGALG00000011668"
75.5063210189079,-1.13071398906567,0.192987964597912,-5.85898706907189,4.6569895369862e-09,1.56260626924035e-06,"ENSGALG00000006534"
209.335078826033,2.63881732107232,0.450976235526553,5.85134451262443,4.87615005601092e-09,1.57428739247839e-06,"ENSGALG00000004860"
72.1198746013924,1.60227685919646,0.273984212782526,5.84806271472384,4.97331059196248e-09,1.57428739247839e-06,"ENSGALG00000041978"
195.949050353358,1.15709923141999,0.199565847091451,5.79808242885242,6.70774820350181e-09,2.00956949303839e-06,"ENSGALG00000001740"
472.678413906513,-2.65315524902212,0.4611567784561,-5.75326087129107,8.75382419182029e-09,2.48920183840964e-06,"ENSGALG00000047199"
49.5221975968894,1.71999740774612,0.300280068300747,5.7279772762788,1.01635176358031e-08,2.74145974117883e-06,"ENSGALG00000008666"
194.82483142835,3.20605910871808,0.559931795701762,5.72580291622826,1.0294567782933e-08,2.74145974117883e-06,"ENSGALG00000009268"
194.15404660713,-3.57736197141532,0.633076619816101,-5.6507567321859,1.59743028182807e-08,4.06061936942871e-06,"ENSGALG00000023395"
230.580201450419,-1.07837290441759,0.192385103729367,-5.60528275585497,2.07915257405575e-08,5.12969746101959e-06,"ENSGALG00000018534"
102.078085276329,-2.57131172892093,0.472038514547972,-5.44724985287109,5.11545826228523e-08,1.15748921946787e-05,"ENSGALG00000052243"
669.589057900656,2.04584804875752,0.377604136596081,5.41797043644661,6.02793802197953e-08,1.33066731835198e-05,"ENSGALG00000035842"
178.39558196074,1.14290308897761,0.211383428872039,5.40677713043183,6.41689083307884e-08,1.39813217540992e-05,"ENSGALG00000012577"
4.57406166744298,-3.57980982007045,0.66345504017261,-5.3957082293611,6.82537838433512e-08,1.45702981607112e-05,"ENSGALG00000053053"
11.2811052662376,2.59784370793311,0.489268129600276,5.30965241912549,1.09834497478639e-07,2.19368257642754e-05,"ENSGALG00000022815"
310.0027532213,-2.72231052453283,0.514049453543874,-5.29581445085708,1.18487105366385e-07,2.28489444451935e-05,"ENSGALG00000002931"
301.56639675122,2.21450606225334,0.420976415416542,5.2604041014083,1.43739154972585e-07,2.67945755886118e-05,"ENSGALG00000027786"
9.7811037019084,2.64633734818687,0.505960058074737,5.23032857229211,1.69209022643435e-07,3.11958216800979e-05,"ENSGALG00000037064"
16.3845546241169,2.59748482350571,0.503579764629627,5.15804050509478,2.49547642800132e-07,4.31614515799774e-05,"ENSGALG00000021025"
37.7218990970139,1.56783353816963,0.304424195589744,5.15016073256712,2.60263319540323e-07,4.45554868564081e-05,"ENSGALG00000011633"
680.449709612774,3.1975989704384,0.622465193612953,5.13699240254494,2.79170237361679e-07,4.68363907221689e-05,"ENSGALG00000007538"
42.6518144924615,-4.87308420636876,0.951031399284321,-5.12399928123919,2.99122122121501e-07,4.91997239493375e-05,"ENSGALG00000002637"
962.316880553049,-2.29825650727099,0.449689656440845,-5.1107613314057,3.20863129192893e-07,5.16888923759111e-05,"ENSGALG00000030614"
1116.38991721767,2.56362505533374,0.501764867134803,5.10921593608707,3.23498462148815e-07,5.16888923759111e-05,"ENSGALG00000050515"
368.504785712812,2.87714603316523,0.56858061685635,5.06022531874689,4.18761325808473e-07,6.35876096190928e-05,"ENSGALG00000025899"
11386.0116540235,2.74841278494395,0.547351134973767,5.02129731598285,5.13236431757639e-07,7.32998440906232e-05,"ENSGALG00000007526"
12.9998606468887,1.31110770361099,0.261154281163606,5.02043350684961,5.1554995545649e-07,7.32998440906232e-05,"ENSGALG00000046749"
25.9906881210317,-1.11102454382374,0.221792660875695,-5.00929354216288,5.4630195597832e-07,7.57463464086634e-05,"ENSGALG00000052950"
103.719092488563,2.51770816218406,0.504120198994847,4.99426162094687,5.9061290717615e-07,7.99089737394699e-05,"ENSGALG00000049755"
33.4709564416152,1.25833504684533,0.25410193965187,4.95208753057651,7.34215632349619e-07,8.98276422957636e-05,"ENSGALG00000002845"
134.340554208438,1.06854059587804,0.215756176793433,4.95253768285423,7.32518652744292e-07,8.98276422957636e-05,"ENSGALG00000007874"
371.293373089972,-1.86838730567978,0.380691723564673,-4.90787477117918,9.20686082356108e-07,0.000105782478649146,"ENSGALG00000016400"
1513.47139886181,2.82209964493733,0.575579913621004,4.90305442937254,9.43578251694689e-07,0.000105782478649146,"ENSGALG00000054964"
68.0269753271977,1.28333941651621,0.262408165417756,4.89062302795769,1.00517308805916e-06,0.000110220842472997,"ENSGALG00000006992"
4.80291386155034,4.06745520451935,0.838740674531167,4.84947890096418,1.23786234941587e-06,0.00012819516442068,"ENSGALG00000044662"
11.6861072738571,-1.60554398949238,0.332277121550663,-4.83194263270267,1.3520721901009e-06,0.000134200509948462,"ENSGALG00000050718"
24.5513961448587,1.72898915257853,0.359094209424548,4.81486224840342,1.47301465970199e-06,0.000142848363848672,"ENSGALG00000051394"
1483.24954042642,2.76464900091294,0.574748182326051,4.81019181256771,1.50785526518141e-06,0.000145386711402003,"ENSGALG00000007530"
216.457779662681,1.50034077818146,0.312998847447618,4.79343866731823,1.63946596961513e-06,0.000156280230524051,"ENSGALG00000002576"
131.049229781997,-1.53519623544492,0.322410669612406,-4.76161734129486,1.9204757817945e-06,0.00017801006735451,"ENSGALG00000019552"
24.1307389167886,1.43846599875515,0.30225253406201,4.75915281643276,1.94407209956017e-06,0.000179207129749017,"ENSGALG00000014962"
81.039349078905,-1.38432006372869,0.295032379967616,-4.69209536892407,2.70421008110237e-06,0.000236804572614913,"ENSGALG00000014616"
8.08579741665891,1.76235274120942,0.375840518138685,4.68909725310434,2.74412955314068e-06,0.000237310626355882,"ENSGALG00000024272"
3.69671255589289,2.82381624402857,0.603276908757336,4.68079617011237,2.85762951417304e-06,0.000244604338567761,"ENSGALG00000034150"
30.8929201215799,-4.45368647212435,0.954205453095515,-4.66742928126878,3.04991673249206e-06,0.000253846362613717,"ENSGALG00000035803"
47.8672845268847,1.27255835873882,0.274209920015575,4.64081809537212,3.47032518086848e-06,0.000285400223330542,"ENSGALG00000012076"
677.647304298993,-1.39942947475268,0.301748901402693,-4.63772848301143,3.5225911082957e-06,0.000286885975844063,"ENSGALG00000028451"
42.9978712986179,-1.26284282619708,0.27394229931329,-4.60988620363753,4.02889439936239e-06,0.000320344840464942,"ENSGALG00000013720"
12.668992204785,1.59003144096888,0.346458659064488,4.58938288701546,4.4455833085912e-06,0.000337482131982962,"ENSGALG00000048054"
171.188692257102,-3.69418598333946,0.805477745756149,-4.58632904857168,4.51107446459205e-06,0.000340173656222829,"ENSGALG00000030025"
1439.04083216702,1.08313223655212,0.238992780978906,4.53207093584854,5.84082279152126e-06,0.000415218152429459,"ENSGALG00000016128"
122.749492229058,-1.09793203717897,0.243242417185921,-4.51373592599919,6.36955196154985e-06,0.000443410677422912,"ENSGALG00000029644"
13.8077915424799,1.93644637163419,0.429858044033734,4.50485084206596,6.64195787873332e-06,0.000460463336080616,"ENSGALG00000050467"
3.56060940587012,2.44676237546794,0.545050656711609,4.48905499945585,7.15398266277068e-06,0.000491894947267638,"ENSGALG00000027973"
65.0183397216599,3.60656527990744,0.804830320545105,4.48114986207868,7.42419549637048e-06,0.000506324096921169,"ENSGALG00000048053"
141.606991644308,-1.41182355793874,0.31645837217148,-4.46132471784854,8.14545557599021e-06,0.000538050000850079,"ENSGALG00000008444"
19.9750714663267,-2.07908008824863,0.466024410108997,-4.46131156040165,8.14595578565418e-06,0.000538050000850079,"ENSGALG00000047026"
45.6029038322432,2.70081731148993,0.605667008102297,4.45924456072364,8.22490308279165e-06,0.000541134113803904,"ENSGALG00000026098"
1754.28745493496,-1.32732439284114,0.298001960037304,-4.45407940496426,8.42539168865489e-06,0.00055215936078345,"ENSGALG00000010997"
346.084321729795,2.87594777284631,0.647400524903798,4.44230065039516,8.90020798739695e-06,0.000576520422411423,"ENSGALG00000005957"
364.11038336322,-2.30305962506083,0.521332503984386,-4.41764057959027,9.97841698370819e-06,0.000626384281656762,"ENSGALG00000015425"
800.820460427517,1.18714182432392,0.268626023769153,4.41931056294124,9.90162718302873e-06,0.000626384281656762,"ENSGALG00000031794"
93.5133957916286,-1.30124367150955,0.298199197900269,-4.36367260768,1.27896940021092e-05,0.000770174815019357,"ENSGALG00000012997"
15.3762414050745,-1.31256168572742,0.300936956761016,-4.36158356838097,1.29124458550523e-05,0.000773686086107903,"ENSGALG00000047038"
6.5747513743536,2.34088900849244,0.537683146861842,4.35365888284748,1.33883981087104e-05,0.000790905475598011,"ENSGALG00000013083"
7.51256816963802,-1.6237133418884,0.37342292974112,-4.34818864233661,1.37266515199041e-05,0.000808042219471691,"ENSGALG00000024621"
279.497068990992,-1.01842963984578,0.236086019659265,-4.31380748981092,1.60466690107323e-05,0.000904340645802767,"ENSGALG00000008439"
30.5301210714047,-1.74733486408031,0.405363086273159,-4.31054263017635,1.62854428719619e-05,0.00091073625020968,"ENSGALG00000002960"
152.38849080015,1.40383647493153,0.327126397944325,4.29141910818967,1.77534876355069e-05,0.000971437674580763,"ENSGALG00000050749"
11.3324002727805,2.03140209658238,0.47478095505217,4.27860906164437,1.88064837299947e-05,0.00101452211427049,"ENSGALG00000020391"
629.938497059878,1.38046386001497,0.324122188451653,4.25908471928289,2.05265668094181e-05,0.00107954298232479,"ENSGALG00000038396"
5.49182635500975,2.60246314253948,0.612460678733186,4.24919220597543,2.14542776880207e-05,0.00110750282083669,"ENSGALG00000019696"
61.6748918512184,1.07690674728395,0.254383139247059,4.23340458204681,2.30179868310898e-05,0.0011666850908314,"ENSGALG00000044449"
7.10484845255751,2.30950945187286,0.546002090204145,4.22985459819277,2.33842406708713e-05,0.00117460301118326,"ENSGALG00000049947"
9.84071028705655,1.48169145096662,0.35320268133085,4.19501756154194,2.72850446948672e-05,0.00129508309425294,"ENSGALG00000009903"
23.5192245611157,1.36192900175282,0.324680683979305,4.19467208538844,2.73266624167337e-05,0.00129508309425294,"ENSGALG00000045596"
49.3742178710317,1.87260026905646,0.450470270060609,4.15698969169377,3.22468534924438e-05,0.00146123482074025,"ENSGALG00000051617"
70.7368452571403,1.19108425983806,0.286823572312186,4.15267214697981,3.28615377539272e-05,0.00147018138372703,"ENSGALG00000049186"
8.65537437576488,-2.75717155855096,0.666405622402751,-4.13737739578167,3.5129804908118e-05,0.00153482483579035,"ENSGALG00000011219"
33.056529690364,-1.36094056330712,0.329122925942792,-4.13505245618678,3.54873565964066e-05,0.00154241290574589,"ENSGALG00000005541"
32.2368122191532,-1.26938483264255,0.308209891422007,-4.11857266094191,3.81226366860619e-05,0.00164417345933692,"ENSGALG00000016165"
10.3660579342145,2.10436037794011,0.514036546768516,4.09379525866233,4.24369073281411e-05,0.0017978888743541,"ENSGALG00000002558"
343.509433077514,2.5411418476249,0.629251411444399,4.03835700867464,5.38268890559791e-05,0.00213993771964967,"ENSGALG00000025945"
9.05521831732924,1.33264853975608,0.332298322139579,4.01039803985623,6.06164725654427e-05,0.00236502920983821,"ENSGALG00000052566"
20.040407041274,1.34120067046224,0.334951595872654,4.00416265212288,6.2237534093283e-05,0.00242264294543621,"ENSGALG00000046810"
23.7419641073049,1.37034277148484,0.344564629899501,3.97702681173204,6.97822995275464e-05,0.00261909986392314,"ENSGALG00000008150"
373.157010056455,-1.66471419258636,0.419908813314843,-3.96446595022566,7.35604452484459e-05,0.0027092341186227,"ENSGALG00000010469"
22.0723101380739,1.54593886900241,0.390024718124045,3.96369459976311,7.37986524533929e-05,0.0027092341186227,"ENSGALG00000047658"
18.1000731795329,-1.04723228561001,0.264960145326938,-3.95241436902827,7.73666186208324e-05,0.00280341200993889,"ENSGALG00000001299"
1517.00635292029,1.29995396363211,0.329465000771769,3.94565116351352,7.95834055399606e-05,0.00285735051370522,"ENSGALG00000006707"
14794.4402765651,1.16318132339659,0.294965065476137,3.94345452916251,8.03162253909632e-05,0.00286086053797068,"ENSGALG00000041502"
13.6760925760126,-1.92598460195969,0.488866445693662,-3.93969481629462,8.1585327471109e-05,0.00289972496588342,"ENSGALG00000026214"
107.072952586632,1.67979480033539,0.426974487966707,3.93418072432088,8.34809547170463e-05,0.00293712612930793,"ENSGALG00000006106"
49.6372423219321,1.32442425210369,0.338875337535228,3.90829342063293,9.29503766032646e-05,0.00320211184450302,"ENSGALG00000007675"
4.99452901160523,2.24276794114818,0.574739687416331,3.90223259373345,9.53095054157539e-05,0.00325001539097582,"ENSGALG00000049308"
1006.0791088853,1.94387204498493,0.498657653644127,3.89820958483111,9.69065285309933e-05,0.0032910947958795,"ENSGALG00000005572"
14.1794320252556,-1.19314470385947,0.307076557541912,-3.88549589525934,0.000102121218600749,0.00342657536892953,"ENSGALG00000046976"
7.95419050880357,1.44332633877862,0.373335531589655,3.8660299292515,0.000110621368707123,0.00361772846549591,"ENSGALG00000052285"
12.9053321713656,-1.51300192373848,0.391917278462241,-3.86051344731476,0.000113149013205602,0.00367887789641546,"ENSGALG00000015237"
3.61516370236484,2.6521699981119,0.688378496257584,3.85277868575296,0.000116784938850563,0.00376788638287671,"ENSGALG00000004804"
14.1491556006874,1.15341941243076,0.299659833051021,3.84909582538004,0.000118554625673008,0.00379644552125926,"ENSGALG00000048081"
4.44723232217653,1.69240709567467,0.440163421184282,3.84495170253168,0.000120576184742098,0.00385315552651083,"ENSGALG00000030492"
18.9435655969573,3.39356299915924,0.883306509507595,3.84188609801031,0.000122092494635205,0.00388680414135642,"ENSGALG00000054357"
43.3463610810285,1.16099773949839,0.303162109978811,3.82962679465298,0.000128337744451044,0.00403962915319919,"ENSGALG00000047422"
40.9001339790943,-1.00960347094688,0.264563526619147,-3.8161098162267,0.00013557218537484,0.00421202695191424,"ENSGALG00000042293"
9.81125869134991,1.6977648209969,0.445564594368093,3.81036743595998,0.00013876040269218,0.00427152894672789,"ENSGALG00000033664"
1034.74341910908,1.62361655328999,0.429273147882404,3.78224578289898,0.00015541978771691,0.00465621031879748,"ENSGALG00000030007"
53.3625364074751,-1.02043614777452,0.270272939281288,-3.77557646166159,0.000159638044654882,0.00470693756621259,"ENSGALG00000000560"
144.954173681833,1.23015628436169,0.326288411774615,3.7701500879885,0.000163149401742379,0.00479362086345339,"ENSGALG00000048325"
38578.0274241924,1.16012033872018,0.307791424741254,3.76917693433283,0.000163786755558785,0.0048039342622548,"ENSGALG00000006322"
16.3906773209219,1.03652081679051,0.275076784096186,3.76811449281764,0.000164485261821655,0.0048160021598288,"ENSGALG00000006087"
859.905885938183,2.34100937907528,0.623937503853099,3.75199337212217,0.000175434103392093,0.00505230082015872,"ENSGALG00000049716"
6.63639051271277,6.25635772335075,1.67397757360795,3.73742027491224,0.000185918013759968,0.00526882857576179,"ENSGALG00000047537"
8.20492454802226,2.82762850329125,0.758000133076925,3.73037995628464,0.000191191222502265,0.00533713001650665,"ENSGALG00000018977"
11.9253895877127,-4.18772675123684,1.13030963633848,-3.7049376707099,0.000211442719937031,0.00580005064494584,"ENSGALG00000048184"
12.0989414547872,-1.22724694504751,0.332780051139344,-3.68786212047796,0.000226146127898481,0.00610958709783062,"ENSGALG00000041042"
3.99497980923961,-4.1718333107479,1.1339616906062,-3.67898963898657,0.000234159779694911,0.00627555690725483,"ENSGALG00000049686"
3.33678770049346,4.34257986916459,1.18748189025004,3.65696513338001,0.000255219080286176,0.00665911432342329,"ENSGALG00000017184"
7.80000101408608,1.78272319769683,0.48777009740573,3.65484314675803,0.000257339261241643,0.00669361362147449,"ENSGALG00000047285"
4.79598012001485,1.68427984776853,0.461029792457365,3.65329936443161,0.000258892096165997,0.00672358002689928,"ENSGALG00000027351"
1052.51817268888,1.24214489088896,0.340710587801826,3.6457478439486,0.00026661531218081,0.00684993122887817,"ENSGALG00000033171"
7.95094284682615,-1.74291439223101,0.480094786027246,-3.63035476109524,0.000283031933602594,0.00722743797572408,"ENSGALG00000011742"
29.9279973066692,-2.36508009987131,0.653312073162795,-3.62013836423006,0.000294445519344087,0.0073744840883638,"ENSGALG00000004418"
833.839929310278,-1.04331057093481,0.288560405082685,-3.61557078711424,0.000299686567260061,0.00744801929819512,"ENSGALG00000007596"
245.064993610349,1.17943277420681,0.327061155398091,3.6061536343906,0.00031076918864561,0.00757816086905146,"ENSGALG00000011190"
81.0223194499125,-1.02404758379325,0.28595639486336,-3.58113195643893,0.000342108805120414,0.00815082893966763,"ENSGALG00000041491"
181.33217637936,1.21387340017305,0.339609214716045,3.57432409832578,0.000351133776604789,0.00830884537390487,"ENSGALG00000009006"
4.24110803064846,-1.84421028290711,0.517027518576368,-3.56694801852159,0.000361163087910465,0.00845356706760363,"ENSGALG00000054502"
134.122894762896,1.3337996866546,0.373941985924317,3.56686260666259,0.000361280776507826,0.00845356706760363,"ENSGALG00000054799"
9.95399506940791,-1.27267680085196,0.360165612703074,-3.53358776064269,0.000409959959793393,0.00920736043568106,"ENSGALG00000051077"
15.8517290351207,1.38550345836609,0.392263419513433,3.53207408451362,0.000412313825771105,0.00923393163760444,"ENSGALG00000023172"
10.0798978189361,1.33536586099461,0.380430098945456,3.51014776353452,0.000447857740050705,0.0097962311666632,"ENSGALG00000047357"
7.62733500558949,-1.31111707528133,0.373802987923348,-3.50750828013763,0.000452324277022136,0.00984259973489024,"ENSGALG00000047863"
25.253809053672,-1.13827449023977,0.32474773130054,-3.50510374831947,0.000456429380411867,0.00988066543892889,"ENSGALG00000046338"
507.648308126763,1.08030374800416,0.308463192498879,3.5022128223875,0.000461410895129937,0.00996031030226502,"ENSGALG00000005257"
2.32929613938326,-2.71145613806118,0.776129425173591,-3.49356183403913,0.000476622591878016,0.0101809120444362,"ENSGALG00000054435"
2.74612468874033,4.33145545007607,1.24148276242432,3.48893724598944,0.000484944982252503,0.0102986354015826,"ENSGALG00000049871"
3.56103775635453,3.09327403112117,0.890604190732817,3.47323094064483,0.000514232669978945,0.0107997977573283,"ENSGALG00000000892"
75.3961389815374,-1.79603457961458,0.517146626390593,-3.47296973036436,0.000514733404840631,0.0107997977573283,"ENSGALG00000040434"
6.88447333672654,4.6952219082953,1.35190091252038,3.4730518078739,0.00051457601495618,0.0107997977573283,"ENSGALG00000049534"
12.4846138022843,-1.55193086508167,0.449155262927606,-3.45522137482292,0.000549841163955925,0.0113071981011907,"ENSGALG00000039403"
2063.85627703909,-1.22916947070004,0.357266585615438,-3.44048259812106,0.000580677776482005,0.011720905485978,"ENSGALG00000014372"
7.61950835614282,-1.74991594007683,0.508769479758428,-3.43950651463551,0.000582775758470157,0.0117232960429902,"ENSGALG00000051987"
55.8875254837166,3.40194849421588,0.989539751997679,3.43790988421439,0.000586222755608872,0.0117785139770659,"ENSGALG00000052510"
3.33439471257343,2.3097847504866,0.673206593814149,3.43101920229299,0.000601318033725026,0.0120098960140533,"ENSGALG00000052269"
31.848537422736,1.79049920652741,0.522166692933051,3.42898011451102,0.000605853915512529,0.0120288889237322,"ENSGALG00000045607"
8.94660117372334,-1.15450535541709,0.336969588007542,-3.42614110146715,0.000612222251106529,0.0121266265723899,"ENSGALG00000049296"
3.57937190666213,2.42345080577559,0.708022067594935,3.42284642907779,0.00061969077025971,0.0122600849677443,"ENSGALG00000043392"
60.2618330954757,-1.94164823972062,0.567901409146529,-3.41898824065013,0.000628544427423909,0.0124206005405076,"ENSGALG00000006662"
13.2287991758092,1.85992070084026,0.544789000647696,3.41402028790782,0.000640118089890862,0.0125196055702209,"ENSGALG00000010338"
923.59444626253,-1.30604156299788,0.382530507071361,-3.4142154386506,0.00063965973862286,0.0125196055702209,"ENSGALG00000045085"
56.7759630038192,1.8006035204683,0.527304460171489,3.41473220211852,0.000638447488435125,0.0125196055702209,"ENSGALG00000049589"
3095.94346009602,-1.01461562415238,0.299078432416288,-3.39247339219746,0.000692646588184597,0.0132697937404765,"ENSGALG00000008704"
4.24897734491006,-2.45652436929842,0.725179681880663,-3.38746993424819,0.000705404481900634,0.0134178809442709,"ENSGALG00000053626"
91.4605773714728,2.35990914858642,0.699155775040969,3.3753695997836,0.000737166172132271,0.01387846946556,"ENSGALG00000016761"
44.764647396271,1.53232649621153,0.455130809806945,3.36678261105089,0.000760506130277828,0.014125335299763,"ENSGALG00000049267"
6.62129469354555,-1.47628800118681,0.443273417189506,-3.3304230390059,0.000867141309117871,0.0155239540155574,"ENSGALG00000010822"
14.1178128366119,-1.40080423543115,0.420640968719548,-3.33016596004728,0.000867942353614642,0.0155239540155574,"ENSGALG00000015382"
6.95359948740216,-1.61273517329639,0.488273528979409,-3.30293386304872,0.000956789508356394,0.0165959311710126,"ENSGALG00000004141"
9.43102491436106,1.16641343251212,0.355897879601751,3.27738235984249,0.00104774380346936,0.0176663294379955,"ENSGALG00000052021"
12.0944446904905,1.51236783118747,0.462287723996921,3.27148603062959,0.00106983873743847,0.0179128587804443,"ENSGALG00000053121"
7.49175819599021,-1.24728915183347,0.381581380651935,-3.26873693287254,0.00108028689023385,0.0180158778901127,"ENSGALG00000018946"
6.40171848610193,-1.33045891533188,0.407775742816581,-3.26272206910141,0.00110347680810829,0.0183297330788443,"ENSGALG00000053495"
7.56888251532447,-1.46478401799009,0.451018419663886,-3.24772548997378,0.0011633144567703,0.0190223456542255,"ENSGALG00000048114"
264.436347916792,-1.02883903756432,0.318337693756487,-3.2319108221954,0.00122965424841015,0.0198173960860491,"ENSGALG00000034741"
13.1611806721056,1.04730722195176,0.324210059599721,3.23033536727636,0.00123645090452911,0.0198887217883843,"ENSGALG00000029836"
10.2987118459046,1.34926495890746,0.420177978713147,3.21117485271306,0.00132193473068181,0.0207271953052791,"ENSGALG00000050913"
32.7321405653638,1.229258097747,0.383768773836918,3.20312172732786,0.0013594650530914,0.0211574630758019,"ENSGALG00000048259"
12.9253042948036,1.07675228391774,0.337096195237054,3.19419886409737,0.00140219489678652,0.0216604062432887,"ENSGALG00000016286"
57.9285254248755,1.59826279709049,0.502577011753012,3.18013510310722,0.00147206403605789,0.0224720821955807,"ENSGALG00000041833"
26.0783461980842,-1.26034882484582,0.39778033042203,-3.16845436653099,0.00153251805326407,0.0232258856184384,"ENSGALG00000000558"
7.96455316719813,1.83481745943102,0.580972301391581,3.15818405634168,0.00158755289769203,0.0237171638152976,"ENSGALG00000021136"
152.173868709521,1.14704807057117,0.363508671941774,3.1554902512887,0.00160228620805393,0.0238947161889074,"ENSGALG00000033535"
88.1227591930662,-1.54500813951219,0.489782507826427,-3.15447798731866,0.00160785507319836,0.0239208029650556,"ENSGALG00000051748"
11.1974459390042,1.01288355983977,0.321357902922703,3.15188626334608,0.00162219447260838,0.0240420111898859,"ENSGALG00000027587"
666.134820217283,-1.15187129369687,0.367030437768138,-3.13835359459898,0.00169899786104627,0.0247216713918242,"ENSGALG00000028982"
7.45583259742611,-1.23968296596645,0.395247089809749,-3.13647588540922,0.00170991498015758,0.0248018749329598,"ENSGALG00000048323"
3.34446681204637,-1.96880319301236,0.628754723400028,-3.13127380159618,0.0017404980745059,0.0250512280542506,"ENSGALG00000005434"
4.3384944146334,3.11148068710696,0.99345496949016,3.13197958907364,0.00173631945838807,0.0250512280542506,"ENSGALG00000046160"
225.345007388134,-1.19701025849022,0.386008178209148,-3.10099714478498,0.00192870150336709,0.0269199876222876,"ENSGALG00000052887"
6.19860039734947,-1.22857277307894,0.397609936976589,-3.08989453940955,0.00200227576964921,0.0275120234131079,"ENSGALG00000051152"
25.4087375462132,-1.26205528282334,0.40880758429506,-3.0871621058587,0.00202077363993158,0.0276755260058221,"ENSGALG00000016580"
4.86228240351308,-1.59649973091161,0.520141100857487,-3.06935892641377,0.00214518693080068,0.0289074707936088,"ENSGALG00000053413"
132.322426851966,1.10596232590199,0.360957004078175,3.06397247707226,0.00218419003516245,0.0291617356088921,"ENSGALG00000027822"
5.87812977861585,-1.09218068247937,0.357527483014316,-3.05481601937617,0.00225198622095647,0.0297609161063096,"ENSGALG00000055140"
11.7972672591282,-1.00084947690558,0.329480046865774,-3.03766339244607,0.00238420111493808,0.0310798306956614,"ENSGALG00000048204"
4.80549957119504,1.5799332155693,0.521740251040132,3.0281988257942,0.0024601616530355,0.0318227695088486,"ENSGALG00000028659"
6.20816983875102,1.16069101250492,0.383985416089263,3.02274764579886,0.00250491033403198,0.032153696001572,"ENSGALG00000028816"
13.8805000511494,1.020942419087,0.337951574844707,3.02097251523723,0.00251964230159745,0.0322933834178002,"ENSGALG00000048528"
6.05996953982129,-1.33651665027584,0.443299520510138,-3.01492915836637,0.00257039284213925,0.0326940718063458,"ENSGALG00000049600"
8.61630039452813,1.04273212985615,0.34593667389797,3.0142283502549,0.00257633813858743,0.0327334993129348,"ENSGALG00000038328"
3.56840415316064,-2.73278259116121,0.909451456017011,-3.00486911432257,0.00265695156398778,0.0334505423655112,"ENSGALG00000053380"
14.344685334344,-1.1660801223339,0.391163720065445,-2.98105387211984,0.00287258254521941,0.0349226937399609,"ENSGALG00000046316"
3.92826546754864,1.98890186889582,0.667284865518019,2.98058890838445,0.00287694711687215,0.0349240985946795,"ENSGALG00000053948"
6.45224354879426,-1.1288381037036,0.382057833736522,-2.95462624771641,0.00313048041686052,0.037327697195216,"ENSGALG00000018299"
7.57182468474564,1.4987075381008,0.510924586303407,2.93332436582101,0.00335353332429615,0.0391441788703591,"ENSGALG00000032887"
2.62033418903664,-2.00301022328378,0.685141548183139,-2.92349840495789,0.00346121998619329,0.0397670059624301,"ENSGALG00000012754"
549.980096442569,1.20163954634775,0.411430085503656,2.9206409270648,0.00349312171824925,0.0399801543742559,"ENSGALG00000043909"
6.31468316215492,1.28101961033337,0.439238816470679,2.91645356079062,0.00354035422573249,0.0402961484702266,"ENSGALG00000049990"
8.32424284088288,-1.00237163164359,0.343853340733842,-2.91511383749931,0.00355558823363794,0.040414704468661,"ENSGALG00000049080"
23.49469511361,-1.70309202529624,0.585146948574307,-2.91053730938148,0.00360807886509158,0.0408453030496905,"ENSGALG00000048486"
2.33439071680815,-2.02378525935324,0.696188750937467,-2.90694909480808,0.00364972585797915,0.0411163307923002,"ENSGALG00000003425"
3.97355031511844,2.04759768838431,0.705454034816701,2.90252459739115,0.00370168089200771,0.0414820780131342,"ENSGALG00000012464"
5.25818512606498,1.3632112255128,0.470786546119365,2.89560361643632,0.00378430073425624,0.0420458367010708,"ENSGALG00000010891"
11.7335507291506,-1.15411493763984,0.399713776459577,-2.88735341539212,0.00388497582082053,0.0427398290792826,"ENSGALG00000048881"
4.34819286140003,1.22817818026715,0.426733906812824,2.87808904017055,0.0040009219469145,0.0436433468812644,"ENSGALG00000053527"
157.847792037072,-1.74846419367276,0.608513146038825,-2.87333840699179,0.00406158798046683,0.0441721317662205,"ENSGALG00000017040"
4.48676424195838,2.40281607212885,0.836989710542448,2.87078328665666,0.00409456129107209,0.044433670621162,"ENSGALG00000012593"
6.79707200415012,1.23687883945712,0.430956358083172,2.87007910721764,0.00410369118774659,0.0444611025734903,"ENSGALG00000028018"
9.92506799586507,1.18266209119371,0.412877880003064,2.86443558367654,0.00417753112780798,0.0449560229193293,"ENSGALG00000041822"
5.90781699070396,1.40713334704702,0.491695273496552,2.8617996204043,0.00421243136033773,0.0452445332473663,"ENSGALG00000010583"
16.9347433741393,1.99122924563271,0.696073683100889,2.86065871182218,0.0042276188659773,0.0453786063432509,"ENSGALG00000028886"
4.41486989368395,1.43877364659807,0.503607790683363,2.85693286167347,0.00427756306954186,0.0457147152100454,"ENSGALG00000048129"
52.2090026838862,-1.31836575222187,0.463536080516769,-2.84414915609612,0.0044530196806514,0.0469620769588588,"ENSGALG00000023933"
5.90038135700268,-1.16102104715075,0.409818624141432,-2.83301191980496,0.00461116664909588,0.0481227724386548,"ENSGALG00000051868"
5.45582702016043,-1.13754482207247,0.401880979945606,-2.83055152853074,0.00464678255103939,0.0482718705007974,"ENSGALG00000004936"
24.4940732185884,1.68894953591368,0.597559926568285,2.82641030768766,0.00470729247660323,0.0486143060834657,"ENSGALG00000011277"
7.51332137539046,-1.04627233931048,0.370251247949094,-2.82584419392512,0.00471561950097167,0.0486143060834657,"ENSGALG00000049514"
